customer_id,total_count,total_amount,avg_amount,max_amount,min_amount
261,3,783,261,261,261
238,3,714,238,238,238
23,4,92,23,23,23
215,6,1290,215,215,215
46,3,138,46,46,46
192,7,1344,192,192,192
69,6,414,69,69,69
92,5,460,92,92,92
115,2,230,115,115,115
138,2,276,138,138,138
161,6,966,161,161,161
284,4,1136,284,284,284
29,3,87,29,29,29
278,1,278,278,278,278
175,1,175,175,175,175
169,1,169,169,169,169
221,1,221,221,221,221
75,5,375,75,75,75
201,3,603,201,201,201
132,2,264,132,132,132
15,5,75,15,15,15
9,3,27,9,9,9
181,2,362,181,181,181
158,4,632,158,158,158
109,2,218,109,109,109
89,4,356,89,89,89
244,2,488,244,244,244
195,3,585,195,195,195
252,7,1764,252,252,252
3,1,3,3,3,3
152,7,1064,152,152,152
146,3,438,146,146,146
52,3,156,52,52,52
295,2,590,295,295,295
95,7,665,95,95,95
72,2,144,72,72,72
189,3,567,189,189,189
118,6,708,118,118,118
258,2,516,258,258,258
264,6,1584,264,264,264
281,2,562,281,281,281
212,3,636,212,212,212
235,2,470,235,235,235
172,5,860,172,172,172
66,2,132,66,66,66
78,4,312,78,78,78
218,6,1308,218,218,218
229,6,1374,229,229,229
32,1,32,32,32,32
275,3,825,275,275,275
126,6,756,126,126,126
26,3,78,26,26,26
272,2,544,272,272,272
178,3,534,178,178,178
12,3,36,12,12,12
35,6,210,35,35,35
129,3,387,129,129,129
106,4,424,106,106,106
155,2,310,155,155,155
86,4,344,86,86,86
135,3,405,135,135,135
63,8,504,63,63,63
112,4,448,112,112,112
255,3,765,255,255,255
6,4,24,6,6,6
55,2,110,55,55,55
43,2,86,43,43,43
292,3,876,292,292,292
241,1,241,241,241,241
98,3,294,98,98,98
49,4,196,49,49,49
298,1,298,298,298,298
198,6,1188,198,198,198
149,2,298,149,149,149
190,6,1140,190,190,190
213,3,639,213,213,213
144,7,1008,144,144,144
167,2,334,167,167,167
236,4,944,236,236,236
259,6,1554,259,259,259
113,7,791,113,113,113
184,4,736,184,184,184
267,4,1068,267,267,267
230,2,460,230,230,230
67,2,134,67,67,67
21,2,42,21,21,21
27,1,27,27,27,27
121,2,242,121,121,121
127,4,508,127,127,127
173,7,1211,173,173,173
107,2,214,107,107,107
273,5,1365,273,273,273
250,3,750,250,250,250
58,6,348,58,58,58
156,2,312,156,156,156
81,4,324,81,81,81
130,4,520,130,130,130
38,5,190,38,38,38
101,7,707,101,101,101
207,3,621,207,207,207
256,2,512,256,256,256
44,4,176,44,44,44
7,2,14,7,7,7
293,3,879,293,293,293
299,2,598,299,299,299
150,4,600,150,150,150
50,1,50,50,50,50
1,8,8,1,1,1
47,6,282,47,47,47
239,5,1195,239,239,239
141,4,564,141,141,141
70,2,140,70,70,70
216,3,648,216,216,216
93,2,186,93,93,93
187,5,935,187,187,187
164,3,492,164,164,164
287,1,287,287,287,287
233,8,1864,233,233,233
210,2,420,210,210,210
18,1,18,18,18,18
279,2,558,279,279,279
30,1,30,30,30,30
270,2,540,270,270,270
170,6,1020,170,170,170
176,2,352,176,176,176
224,5,1120,224,224,224
124,2,248,124,124,124
84,3,252,84,84,84
227,5,1135,227,227,227
153,3,459,153,153,153
204,1,204,204,204,204
110,1,110,110,110,110
10,4,40,10,10,10
133,6,798,133,133,133
61,2,122,61,61,61
196,3,588,196,196,196
41,3,123,41,41,41
90,5,450,90,90,90
253,6,1518,253,253,253
290,2,580,290,290,290
104,7,728,104,104,104
4,4,16,4,4,4
147,6,882,147,147,147
296,4,1184,296,296,296
247,6,1482,247,247,247
119,2,238,119,119,119
96,5,480,96,96,96
165,4,660,165,165,165
142,2,284,142,142,142
288,4,1152,288,288,288
282,4,1128,282,282,282
211,1,211,211,211,211
188,3,564,188,188,188
234,1,234,234,234,234
125,2,250,125,125,125
65,3,195,65,65,65
265,3,795,265,265,265
19,2,38,19,19,19
171,2,342,171,171,171
73,1,73,73,73,73
271,4,1084,271,271,271
25,5,125,25,25,25
36,4,144,36,36,36
179,5,895,179,179,179
105,2,210,105,105,105
228,3,684,228,228,228
205,2,410,205,205,205
85,1,85,85,85,85
136,4,544,136,136,136
62,5,310,62,62,62
13,5,65,13,13,13
42,5,210,42,42,42
291,2,582,291,291,291
242,4,968,242,242,242
5,7,35,5,5,5
254,5,1270,254,254,254
56,2,112,56,56,56
199,1,199,199,199,199
99,9,891,99,99,99
148,5,740,148,148,148
285,5,1425,285,285,285
262,2,524,262,262,262
168,3,504,168,168,168
191,3,573,191,191,191
116,3,348,116,116,116
139,2,278,139,139,139
162,2,324,162,162,162
185,1,185,185,185,185
231,6,1386,231,231,231
268,5,1340,268,268,268
122,6,732,122,122,122
128,5,640,128,128,128
22,3,66,22,22,22
76,4,304,76,76,76
222,3,666,222,222,222
202,5,1010,202,202,202
59,1,59,59,59,59
274,2,548,274,274,274
108,2,216,108,108,108
225,5,1125,225,225,225
82,1,82,82,82,82
251,3,753,251,251,251
33,3,99,33,33,33
39,8,312,39,39,39
16,1,16,16,16,16
182,3,546,182,182,182
88,1,88,88,88,88
159,1,159,159,159,159
208,3,624,208,208,208
53,7,371,53,53,53
294,6,1764,294,294,294
45,1,45,45,45,45
145,6,870,145,145,145
2,3,6,2,2,2
48,3,144,48,48,48
286,6,1716,286,286,286
263,1,263,263,263,263
94,3,282,94,94,94
240,3,720,240,240,240
117,3,351,117,117,117
140,2,280,140,140,140
163,4,652,163,163,163
257,5,1285,257,257,257
186,3,558,186,186,186
280,5,1400,280,280,280
17,2,34,17,17,17
31,1,31,31,31,31
217,6,1302,217,217,217
223,5,1115,223,223,223
269,1,269,269,269,269
123,2,246,123,123,123
60,3,180,60,60,60
226,3,678,226,226,226
297,1,297,297,297,297
83,2,166,83,83,83
177,6,1062,177,177,177
203,3,609,203,203,203
154,5,770,154,154,154
134,5,670,134,134,134
34,4,136,34,34,34
40,1,40,40,40,40
183,2,366,183,183,183
11,1,11,11,11,11
160,7,1120,160,160,160
111,7,777,111,111,111
54,7,378,54,54,54
103,4,412,103,103,103
91,1,91,91,91,91
289,7,2023,289,289,289
97,3,291,97,97,97
246,2,492,246,246,246
197,2,394,197,197,197
214,4,856,214,214,214
143,4,572,143,143,143
237,4,948,237,237,237
120,2,240,120,120,120
166,1,166,166,166,166
260,2,520,260,260,260
283,6,1698,283,283,283
220,7,1540,220,220,220
114,2,228,114,114,114
20,3,60,20,20,20
277,6,1662,277,277,277
68,2,136,68,68,68
80,1,80,80,80,80
28,5,140,28,28,28
174,2,348,174,174,174
74,1,74,74,74,74
131,4,524,131,131,131
249,4,996,249,249,249
180,6,1080,180,180,180
57,1,57,57,57,57
206,2,412,206,206,206
157,5,785,157,157,157
14,5,70,14,14,14
37,3,111,37,37,37
137,4,548,137,137,137
243,3,729,243,243,243
8,3,24,8,8,8
51,7,357,51,51,51
300,2,600,300,300,300
151,5,755,151,151,151
194,3,582,194,194,194
200,1,200,200,200,200
100,4,400,100,100,100
